Time,Observed rainfall - 01/08/2022 00:00,Urban net rain mm (Observed rainfall - 01/08/2022) - urbanised model,Rural net rain mm (Observed rainfall - 01/08/2022) - urbanised model,Sewer loss m3/s (Observed rainfall - 01/08/2022) - urbanised model,Total net rain mm (Observed rainfall - 01/08/2022) - urbanised model,Direct runoff m3/s (Observed rainfall - 01/08/2022) - urbanised model,Baseflow m3/s (Observed rainfall - 01/08/2022) - urbanised model,Total flow m3/s (Observed rainfall - 01/08/2022)- urbanised model
01/08/2022 00:00,0.0343859652558168,0.0067752182795705,0.0017366667942292,0,0.0085118850737998,0.0,0.0909072777624288,0.0909072777624288
01/08/2022 00:01,0.0347152103281239,0.0068414478380147,0.0017550450439864,0,0.0085964928820011,1.72769020818878e-05,0.0908704608301794,0.0908877377322612
01/08/2022 00:02,0.0350480095563048,0.0069084168297191,0.0017736532679603,0,0.0086820700976794,6.92782520618695e-05,0.0908336702866824,0.0909029485387443
01/08/2022 00:03,0.0353844074633582,0.0069761349703496,0.0017924949308551,0,0.0087686299012048,0.0001563472736681,0.0907969176890365,0.0909532649627046
01/08/2022 00:04,0.0357244492380167,0.007044612129314,0.0018115735600992,0,0.0088561856894133,0.0002788310891444,0.0907602147123108,0.0910390458014552
01/08/2022 00:05,0.0360681807467846,0.0071138583327016,0.0018308927471863,0,0.008944751079888,0.0004370807716644,0.090723573151036,0.0911606539227004
01/08/2022 00:06,0.0364156485463767,0.0071838837663181,0.0018504561490559,0,0.0090343399153741,0.0006314513985968,0.0906870049207177,0.0913184563193146
01/08/2022 00:07,0.0367668998963485,0.007254698778774,0.0018702674895042,0,0.0091249662682782,0.0008623021056381,0.0906505220593734,0.0915128241650115
01/08/2022 00:08,0.0371219827720353,0.0073263138846491,0.001890330560632,0,0.0092166444452812,0.0011299961418294,0.0906141367290922,0.0917441328709217
01/08/2022 00:09,0.0374809458778068,0.0073987397677383,0.0019106492243306,0,0.009309388992069,0.0014349009254765,0.0905778612176191,0.0920127621430957
01/08/2022 00:10,0.0378438386605325,0.0074719872843541,0.0019312274137998,0,0.0094032146981539,0.0017773881009887,0.0905417079399632,0.092319096040952
01/08/2022 00:11,0.0382107113235205,0.0075460674667418,0.0019520691351141,0,0.009498136601856,0.0021578335966578,0.0905056894400309,0.0926635230366888
01/08/2022 00:12,0.0385816148405622,0.0076209915265337,0.0019731784688177,0,0.0095941699953514,0.0025766176833926,0.0904698183922843,0.0930464360756769
01/08/2022 00:13,0.0389566009704955,0.0077976623780599,0.0019945595715697,0,0.0097922219496296,0.0030341250344314,0.0904341076034255,0.093468232637857
01/08/2022 00:14,0.0393357222719795,0.008086147021336,0.0020162166778266,0,0.0101023636991627,0.003530969640529,0.0903985701077427,0.0939295397482718
01/08/2022 00:15,0.0397190321186173,0.0081670744861691,0.0020381541015673,0,0.0102052285877365,0.0040682421364271,0.0903632194590364,0.0944314615954636
01/08/2022 00:16,0.0401065847145595,0.0082489367024306,0.0020603762380701,0,0.0103093129405008,0.0046468204733289,0.0903280698383278,0.0949748903116567
01/08/2022 00:17,0.0404984351102453,0.0083317465284904,0.0020828875657239,0,0.0104146340942144,0.0052671228163939,0.0902931357715818,0.0955602585879758
01/08/2022 00:18,0.0408946392187948,0.0084155170379957,0.0021056926479014,0,0.0105212096858972,0.0059295722454179,0.0902584319381478,0.0961880041835658
01/08/2022 00:19,0.0412952538324811,0.0085002615242462,0.0021287961348654,0,0.0106290576591116,0.0066345968239615,0.0902239731727702,0.0968585699967317
01/08/2022 00:20,0.0417003366398723,0.0085859935047335,0.00215220276574,0,0.0107381962704736,0.0073826296696642,0.0901897744676307,0.0975724041372949
01/08/2022 00:21,0.0421099462431713,0.008672726725752,0.0021759173705226,0,0.0108486440962747,0.0081741090257678,0.0901558509744238,0.0983299600001916
01/08/2022 00:22,0.0425241421761678,0.0087604751671644,0.0021999448721596,0,0.0109604200393241,0.0090094783338747,0.0901222180064643,0.099131696340339
01/08/2022 00:23,0.0429429849223798,0.0088492530472368,0.0022242902886651,0,0.011073543335902,0.0098891863079668,0.0900888910408295,0.0999780773487964
01/08/2022 00:24,0.0433665359338612,0.0089390748276436,0.0022489587353075,0,0.0111880335629512,0.0108136870097129,0.0900558857205356,0.100869572730248
01/08/2022 00:25,0.0437948576503765,0.0090299552185794,0.0022739554268506,0,0.0113039106454301,0.0117834399250895,0.0900232178567486,0.101806657781838
01/08/2022 00:26,0.0442280135189899,0.0091219091839914,0.002299285679852,0,0.0114211948638435,0.0127989100423462,0.089990903431032,0.102789813473378
01/08/2022 00:27,0.0446660680142015,0.0092149519469574,0.0023249549150278,0,0.0115399068619853,0.013860567931342,0.0899589585976299,0.103819526528972
01/08/2022 00:28,0.0451090866586414,0.0093090989952168,0.0023509686596834,0,0.0116600676549003,0.0149688898242825,0.0899273996857883,0.104896289510071
01/08/2022 00:29,0.0455571360440674,0.0094043660867991,0.0023773325502015,0,0.0117816986370007,0.0161243576978897,0.0898962432021133,0.106020600900003
01/08/2022 00:30,0.0460102838531833,0.0095007692558613,0.0024040523346121,0,0.0119048215904735,0.0173274593570336,0.0898655058329689,0.107192965190002
01/08/2022 00:31,0.0464685988817037,0.0095983248186146,0.0024311338752189,0,0.0120294586938336,0.0185786885198583,0.0898352044469132,0.108413892966772
01/08/2022 00:32,0.0469321510612108,0.0096970493794557,0.0024585831513098,0,0.0121556325307656,0.0198785449044357,0.0898053560971764,0.109683901001612
01/08/2022 00:33,0.0474010114824552,0.0097969598372313,0.0024864062619357,0,0.0122833660991671,0.0212275343169802,0.0897759780241775,0.111003512341158
01/08/2022 00:34,0.0478752524193131,0.0098980733916814,0.0025146094287708,0,0.0124126828204523,0.0226261687416577,0.0897470876580855,0.112373256399743
01/08/2022 00:35,0.0483549473533345,0.0100004075500498,0.0025431989990507,0,0.0125436065491006,0.0240749664320262,0.089718702621421,0.113793669053447
01/08/2022 00:36,0.0488401709989195,0.0101039801338699,0.0025721814485939,0,0.0126761615824638,0.0255744520041434,0.0896908407317023,0.115265292735846
01/08/2022 00:37,0.0493309993291484,0.0102088092859336,0.0026015633849081,0,0.0128103726708418,0.0271251565313781,0.0896635200041368,0.116788676535515
01/08/2022 00:38,0.0498275096023255,0.010314913477457,0.0026313515503875,0,0.0129462650278445,0.0287276176409649,0.0896367586543556,0.11836437629532
01/08/2022 00:39,0.0503297803891598,0.0104223115154283,0.0026615528255973,0,0.0130838643410256,0.0303823796123406,0.0896105751011964,0.119992954713537
01/08/2022 00:40,0.0508378916007197,0.0105310225501685,0.0026921742326565,0,0.0132231967828251,0.0320899934773036,0.0895849879695327,0.121674981446836
01/08/2022 00:41,0.0513519245169987,0.010641066083073,0.0027232229387102,0,0.0133642890217833,0.0338510171220372,0.0895600160931507,0.123411033215188
01/08/2022 00:42,0.0518719618165324,0.0107524619746266,0.002754706259518,0,0.0135071682341447,0.0356660153910395,0.0895356785176766,0.125201693908716
01/08/2022 00:43,0.0523980876063976,0.0108652304525552,0.0027866316631251,0,0.0136518621156804,0.037535560193005,0.0895119945035529,0.127047554696558
01/08/2022 00:44,0.0529303874534237,0.0109793921202894,0.0028190067736614,0,0.0137983988939508,0.0394602306087013,0.0894889835290669,0.128949214137768
01/08/2022 00:45,0.0534689484159394,0.0110949679656001,0.002851839375236,0,0.0139468073408361,0.0414406130008885,0.0894666652934304,0.130907278294319
01/08/2022 00:46,0.0540138590766281,0.0112119793695283,0.0028851374159587,0,0.0140971167854871,0.0434773011263291,0.089445059719914,0.132922360846243
01/08/2022 00:47,0.0545652095760927,0.0113304481155281,0.0029189090120715,0,0.0142493571275996,0.0455708962499361,0.089424186959035,0.134995083208971
01/08/2022 00:48,0.055123091647407,0.0114503963988826,0.0029531624522045,0,0.0144035588510871,0.0477220072611122,0.0894040673918017,0.137126074652914
01/08/2022 00:49,0.0556875986517702,0.0115718468364198,0.0029879062017682,0,0.014559753038188,0.0499312507923289,0.0893847216330136,0.139315972425342
01/08/2022 00:50,0.0562588256148975,0.0116948224764542,0.003023148907463,0,0.0147179713839173,0.0521992513400022,0.0893661705346209,0.141565421874623
01/08/2022 00:51,0.0568368692646715,0.0118193468090666,0.0030588994019379,0,0.0148782462110046,0.0545266413877175,0.0893484351891424,0.14387507657686
01/08/2022 00:52,0.0574218280696766,0.0119454437766446,0.0030951667085805,0,0.0150406104852252,0.056914061531861,0.0893315369331442,0.146245598465005
01/08/2022 00:53,0.0580138022789849,0.0120731377847656,0.0031319600464617,0,0.0152050978312274,0.0593621606097166,0.0893154973507805,0.148677657960497
01/08/2022 00:54,0.0586128939629655,0.0122024537133758,0.0031692888354253,0,0.0153717425488012,0.0618715958300865,0.0893003382773973,0.151171934107484
01/08/2022 00:55,0.0592192070553308,0.0123334169283135,0.0032071627013382,0,0.0155405796296518,0.0644430329064995,0.0892860818032014,0.153729114709701
01/08/2022 00:56,0.059832847396355,0.0124660532931668,0.0032455914814998,0,0.0157116447746666,0.0670771461930687,0.0892727502769946,0.156349896470063
01/08/2022 00:57,0.0604539227774543,0.0126003891815073,0.003284585230226,0,0.0158849744117333,0.0697746188230646,0.0892603663099758,0.15903498513304
01/08/2022 00:58,0.0610825429868975,0.0127364514894563,0.0033241542245977,0,0.0160606057140541,0.072536142850272,0.089248952779612,0.161785095629884
01/08/2022 00:59,0.0617188198571088,0.012874267648683,0.0033643089704034,0,0.0162385766190864,0.0753624193931984,0.0892385328335801,0.164600952226779
01/08/2022 01:00,0.0623628673130878,0.0130138656397381,0.0034050602082535,0,0.0164189258479916,0.0782541587822075,0.0892291298937802,0.167483288675988
01/08/2022 01:01,0.0630148014226037,0.0131552740058661,0.0034464189199069,0,0.016601692925773,0.0812120807096501,0.0892207676604227,0.170432848370073
01/08/2022 01:02,0.0636747404476243,0.0132985218671859,0.0034883963347849,0,0.0167869182019708,0.0842369143830687,0.0892134701161917,0.17345038449926
01/08/2022 01:03,0.0643428048974259,0.0134436389353375,0.0035310039367003,0,0.0169746428720378,0.0873293986815557,0.0892072615304836,0.176536660212039
01/08/2022 01:04,0.0650191175833648,0.0135906555285958,0.0035742534708064,0,0.0171649089994023,0.0904902823153439,0.0892021664637262,0.17969244877907
01/08/2022 01:05,0.065703803675266,0.013739602587446,0.0036181569507682,0,0.0173577595382142,0.0937203239887141,0.0891982097717774,0.182918533760492
01/08/2022 01:06,0.0663969907595554,0.0138905116906524,0.0036627266661671,0,0.0175532383568195,0.0970202925663065,0.0891954166104069,0.186215709176713
01/08/2022 01:07,0.0670988088992486,0.0140434150718483,0.0037079751901524,0,0.0177513902620008,0.100390967242922,0.089193812439861,0.189584779682783
01/08/2022 01:08,0.0678093906957997,0.014198345636655,0.0037539153873431,0,0.0179522610239982,0.103833137716909,0.0891934230295158,0.193026560746425
01/08/2022 01:09,0.0685288713528962,0.0143553369803501,0.0038005604219929,0,0.018155897402343,0.107347604367227,0.0891942744626162,0.196541878829844
01/08/2022 01:10,0.0692573887422898,0.014514423406113,0.0038479237664272,0,0.0183623471725402,0.110935178434286,0.089196393141107,0.200131571575393
01/08/2022 01:11,0.0699950834717713,0.0146756399438738,0.0038960192097668,0,0.0185716591536407,0.114596682204662,0.0891998057905554,0.203796487995217
01/08/2022 01:12,0.070742098955288,0.0148390223697724,0.0039448608669431,0,0.0187838832367156,0.118332949199794,0.0892045394651687,0.207537488664962
01/08/2022 01:13,0.0714985814853608,0.0150046072262673,0.003994463188021,0,0.0189990704142883,0.12214482436877,0.0892106215529083,0.211355445921679
01/08/2022 01:14,0.0722646803078648,0.0151724318429136,0.0040448409678404,0,0.0192172728107541,0.126033164285313,0.0892180797807032,0.215251244066016
01/08/2022 01:15,0.0730405476993261,0.0153425343578503,0.0040960093559933,0,0.0194385437138436,0.129998837349074,0.0892269422197646,0.219225779568839
01/08/2022 01:16,0.0738263390467297,0.0155149537400022,0.0041479838671417,0,0.0196629376071439,0.134042723991372,0.0892372372910047,0.223279961282376
01/08/2022 01:17,0.0746222129300191,0.0156897298120425,0.0042007803916977,0,0.0198905102037403,0.138165716885476,0.0892489937705619,0.227414710656038
01/08/2022 01:18,0.0754283312073172,0.0158669032741308,0.0042544152068744,0,0.0201213184810052,0.142368721161582,0.0892622407954347,0.231630961957016
01/08/2022 01:19,0.0762448591032694,0.0160465157285186,0.0043089049881387,0,0.0203554207166573,0.146652654626592,0.0892770078692272,0.235929662495819
01/08/2022 01:20,0.0770719653000231,0.0162286097049291,0.0043642668210503,0,0.0205928765259794,0.151018447988856,0.0892933248680096,0.240311772856865
01/08/2022 01:21,0.0779098220317689,0.0164132286869152,0.004420518213547,0,0.0208337469004623,0.155467045087994,0.089311222046295,0.244778267134289
01/08/2022 01:22,0.0787586051822329,0.0166004171390782,0.0044776771086537,0,0.0210780942477319,0.159999403129965,0.0893307300431367,0.249330133173101
01/08/2022 01:23,0.0796184943857741,0.0167902205352922,0.0045357618976611,0,0.0213259824329534,0.164616492927508,0.0893518798883485,0.253968372815857
01/08/2022 01:24,0.0804896731320266,0.0169826853879356,0.0045947914337855,0,0.0215774768217211,0.169319299146146,0.0893747030088512,0.258694002154997
01/08/2022 01:25,0.0813723288741723,0.0171778592781561,0.0046547850463225,0,0.0218326443244787,0.174108820555876,0.0893992312351479,0.263508051791024
01/08/2022 01:26,0.0822666531412155,0.0173757908872613,0.004715762555332,0,0.0220915534425933,0.178986070288746,0.0894254968079323,0.268411567096678
01/08/2022 01:27,0.0831728416542097,0.0175765300292354,0.0047777442868622,0,0.0223542743160977,0.183952076102466,0.0894535323848328,0.273405608487299
01/08/2022 01:28,0.084091094446868,0.0177801276844866,0.0048407510887534,0,0.02262087877324,0.189007880650254,0.0894833710472956,0.27849125169755
01/08/2022 01:29,0.0850216159904162,0.0179866360348088,0.0049048043470258,0,0.0228914403818347,0.194154541757091,0.0895150463076113,0.283669588064703
01/08/2022 01:30,0.0859646153232161,0.0181961084996838,0.0049699260028991,0,0.023166034502583,0.19939313270258,0.0895485921160873,0.288941724818667
01/08/2022 01:31,0.0869203061852399,0.0184085997739553,0.005036138570463,0,0.0234447383444184,0.204724742510614,0.0895840428683717,0.294308785378985
01/08/2022 01:32,0.0878889071574394,0.0186241658668999,0.0051034651550193,0,0.0237276310219192,0.210150476246057,0.0896214334129299,0.299771909658987
01/08/2022 01:33,0.0888706418066247,0.0188428641428425,0.0051719294721476,0,0.0240147936149901,0.215671455318662,0.0896607990586817,0.305332254377344
01/08/2022 01:34,0.0898657388358259,0.0190647533633268,0.0052415558675127,0,0.0243063092308396,0.221288817794433,0.0897021755827987,0.310990993377232
01/08/2022 01:35,0.0908744322402937,0.0192898937308933,0.0053123693374428,0,0.0246022630683362,0.22700371871469,0.0897455992386701,0.31674931795336
01/08/2022 01:36,0.0918969614699172,0.0195183469346478,0.0053843955503428,0,0.0249027424849906,0.232817330423052,0.0897911067640394,0.322608437187091
01/08/2022 01:37,0.0929335715977215,0.01975017619757,0.0054576608689466,0,0.0252078370665167,0.238730842900613,0.0898387353893164,0.328569578289929
01/08/2022 01:38,0.0939845134952,0.0199854463257447,0.0055321923734747,0,0.0255176386992195,0.244745464109557,0.0898885228460706,0.334633986955628
01/08/2022 01:39,0.0950500440146511,0.0202242237595716,0.0056080178857312,0,0.0258322416453028,0.25086242034549,0.08994050737571,0.3408029277212
01/08/2022 01:40,0.0961304261788678,0.0204665766270537,0.005685165994186,0,0.0261517426212397,0.257082956598773,0.0899947277383497,0.347077684337122
01/08/2022 01:41,0.0972259293785482,0.0207125747992675,0.0057636660800919,0,0.0264762408793595,0.26340833692515,0.0900512232218776,0.353459560147028
01/08/2022 01:42,0.0983368295778195,0.0209622899481233,0.0058435483446867,0,0.02680583829281,0.269839844825977,0.0901100336512207,0.359949878477198
01/08/2022 01:43,0.0994634095283331,0.0212157956065427,0.0059248438375377,0,0.0271406394440804,0.276378783638364,0.0901711993978178,0.366549983036182
01/08/2022 01:44,0.10060595899233,0.0214731672311668,0.0060075844860854,0,0.0274807517172522,0.283026476935583,0.0902347613893058,0.373261238324889
01/08/2022 01:45,0.101764774975043,0.0217344822677053,0.0060918031264387,0,0.0278262853941441,0.289784268938061,0.0903007611194241,0.380085030057485
01/08/2022 01:46,0.102940161967183,0.0219998202191166,0.0061775335355047,0,0.0281773537546214,0.296653524935344,0.090369240658144,0.387022765593488
01/08/2022 01:47,0.104132432197731,0.0222692627167048,0.0062648104645013,0,0.0285340731812061,0.303635631719389,0.0904402426620292,0.394075874381418
01/08/2022 01:48,0.105341905897838,0.0225428935943372,0.0063536696739414,0,0.0288965632682787,0.310731998029591,0.0905138103848344,0.401245808414426
01/08/2022 01:49,0.106568911576256,0.022820798965916,0.0064441479701557,0,0.0292649469360717,0.317944055009948,0.0905899876883492,0.408534042698297
01/08/2022 01:50,0.107813786307013,0.0231030673062938,0.0065362832434409,0,0.0296393505497348,0.325273256678787,0.0906688190534926,0.41594207573228
01/08/2022 01:51,0.109076876030035,0.0233897895358318,0.0066301145079238,0,0.0300199040437557,0.332721080411513,0.0907503495916685,0.423471430003182
01/08/2022 01:52,0.110358535865301,0.0236810591087681,0.0067256819432251,0,0.0304067410519932,0.340289027436829,0.090834625056387,0.431123652493216
01/08/2022 01:53,0.111659130441408,0.0239769721056351,0.0068230269380302,0,0.0307999990436653,0.347978623346927,0.0909216918551612,0.438900315202088
01/08/2022 01:54,0.11297903423934,0.0242776273299498,0.0069221921356705,0,0.0311998194656204,0.355791418622159,0.0910115970616874,0.446803015683847
01/08/2022 01:55,0.114318631952266,0.0245831264094069,0.007023221481826,0,0.0316063478912329,0.363728989170711,0.0911043884283163,0.454833377599028
01/08/2022 01:56,0.115678318862297,0.0248935739018352,0.0071261602744679,0,0.0320197341763032,0.371792936883854,0.0912001143988258,0.46299305128268
01/08/2022 01:57,0.117058501235248,0.025209077406204,0.0072310552161739,0,0.032440132622378,0.379984890207339,0.091298824121503,0.471283714328842
01/08/2022 01:58,0.118459596734406,0.0255297476789614,0.0073379544689492,0,0.0328677021479107,0.388306504729564,0.0914005674625459,0.47970707219211
01/08/2022 01:59,0.119882034854469,0.0258556987560255,0.0074469077116997,0,0.0333026064677252,0.396759463787142,0.0915053950197943,0.488264858806936
01/08/2022 02:00,0.121326257376813,0.0261870480807556,0.0075579662005122,0,0.0337450142812679,0.405345479088543,0.0916133581368007,0.496958837225344
01/08/2022 02:01,0.122792718847506,0.0265239166382862,0.0076711828319147,0,0.0341950994702009,0.414066291356527,0.0917245089172514,0.505790800273778
01/08/2022 02:02,0.124281887079304,0.0268664290965782,0.0077866122092849,0,0.0346530413058632,0.422923670990086,0.0918389002397493,0.514762571229836
01/08/2022 02:03,0.125794243679307,0.0272147139546419,0.0079043107126129,0,0.0351190246672549,0.431919418746699,0.0919565857729697,0.523876004519669
01/08/2022 02:04,0.127330284603664,0.0275689036983269,0.0080243365718059,0,0.0355932402701329,0.441055366445681,0.092077619991202,0.533132986436883
01/08/2022 02:05,0.128890520741324,0.0279291349642171,0.0081467499437763,0,0.0360758849079934,0.450333377693521,0.0922020581902886,0.54253543588381
01/08/2022 02:06,0.13047547852843,0.0282955487120879,0.0082716129935301,0,0.036567161705618,0.459755348632075,0.0923299565039751,0.55208530513605
01/08/2022 02:07,0.132085700595518,0.0286682904065129,0.0083989899795234,0,0.0370672803860363,0.46932320871059,0.0924613719206856,0.561784580631276
01/08/2022 02:08,0.133721746449691,0.0290475102082185,0.0085289473435597,0,0.0375764575517783,0.479038921482535,0.0925963623007357,0.571635283783271
01/08/2022 02:09,0.135384193193953,0.0294333631757969,0.0086615538055149,0,0.0380949169813118,0.488904485428307,0.0927349863940009,0.581639471822308
01/08/2022 02:10,0.137073636286374,0.0298260094785052,0.008796880463217,0,0.0386228899417223,0.498921934804906,0.0928773038580522,0.591799238662958
01/08/2022 02:11,0.138790690341764,0.0302256146208917,0.0089350008978237,0,0.0391606155187154,0.509093340523759,0.093023375276779,0.602116715800538
01/08/2022 02:12,0.140535989978659,0.0306323496800229,0.0090759912850551,0,0.0397083409650781,0.51942081105791,0.0931732621795125,0.612594073237422
01/08/2022 02:13,0.142310190715046,0.0310463915562481,0.0092199305127022,0,0.0402663220689504,0.529906493379896,0.0933270270606703,0.623233520440566
01/08/2022 02:14,0.144113969916015,0.031467923238383,0.0093669003048238,0,0.0408348235432069,0.540552573931663,0.093484733399938,0.634037307331601
01/08/2022 02:15,0.145948027797322,0.0318971340843986,0.0095169853531177,0,0.0414141194375163,0.551361279627997,0.093646445683009,0.645007725311006
01/08/2022 02:16,0.147813088488679,0.032334220118672,0.009670273455958,0,0.04200449357463,0.562334878894981,0.0938122294229017,0.656147108317883
01/08/2022 02:17,0.149709901161364,0.032779384347051,0.0098268556656615,0,0.0426062400127126,0.57347568274513,0.0939821511818747,0.667457833927005
01/08/2022 02:18,0.151639241224879,0.0332328370910265,0.0099868264445749,0,0.0432196635356015,0.584786045890912,0.0941562785939635,0.678942324484875
01/08/2022 02:19,0.153601911597907,0.0336947963424515,0.0101502838306364,0,0.0438450801730879,0.596268367898486,0.0943346803881603,0.690603048286646
01/08/2022 02:20,0.155598744059189,0.0341654881403492,0.0103173296131132,0,0.0444828177534624,0.607925094383598,0.0945174264122619,0.70244252079586
01/08/2022 02:21,0.15763060068466,0.0346451469715292,0.0104880695192925,0,0.0451332164908217,0.619758718251695,0.0947045876574106,0.714463305909106
01/08/2022 02:22,0.159698375377578,0.0351340161968591,0.0106626134129642,0,0.0457966296098233,0.631771780984432,0.0948962362833557,0.726668017267787
01/08/2022 02:23,0.161802995499057,0.0356323485052122,0.0108410755056089,0,0.0464734240108211,0.64396687397491,0.0950924456444617,0.739059319619372
01/08/2022 02:24,0.163945423607174,0.0361404063973144,0.0110235745812987,0,0.047163980978613,0.656346639914124,0.095293290316495,0.751639930230619
01/08/2022 02:25,0.166126659313703,0.0366584627019502,0.0112102342364136,0,0.0478686969383638,0.668913774231238,0.0954988461242175,0.764412620355456
01/08/2022 02:26,0.168347741268038,0.0371868011271438,0.0114011831353645,0,0.0485879842625083,0.681671026590517,0.0957091901698219,0.777380216760339
01/08/2022 02:27,0.170609749279324,0.037725716849293,0.0115965552836545,0,0.0493222721329476,0.694621202447913,0.0959244008622404,0.790545603310153
01/08/2022 02:28,0.172913806588634,0.0382755171434797,0.0117964903197309,0,0.0500720074632106,0.707767164670496,0.0961445579473654,0.803911722617861
01/08/2022 02:29,0.175261082304194,0.0388365220584839,0.0120011338272162,0,0.0508376558857001,0.721111835222173,0.0963697425392179,0.817481577761391
01/08/2022 02:30,0.177652794014271,0.0394090651404587,0.0122106376692883,0,0.0516197028097471,0.734658196919357,0.0966000371521052,0.831258234071462
01/08/2022 02:31,0.180090210593612,0.0399934942095759,0.012425160347147,0,0.0524186545567229,0.748409295260499,0.0968355257338094,0.845244820994308
01/08/2022 02:32,0.182574655221329,0.0405901721944737,0.0126448673847226,0,0.0532350395791963,0.762368240333719,0.0970762936998512,0.85944453403357
01/08/2022 02:33,0.185107508629649,0.0411994780297709,0.0128699317419893,0,0.0540694097717602,0.776538208807041,0.0973224279688763,0.873860636775918
01/08/2022 02:34,0.187690212605688,0.0418218076226173,0.0131005342595392,0,0.0549223418821565,0.790922446006104,0.0975740169992157,0.88849646300532
01/08/2022 02:35,0.190324273770363,0.0424575748948007,0.0133368641373317,0,0.0557944390321324,0.805524268084556,0.0978311508266696,0.903355418911226
01/08/2022 02:36,0.193011267661666,0.0431072129077416,0.0135791194508798,0,0.0566863323586214,0.820347064292809,0.0980939211035748,0.918440985396384
01/08/2022 02:37,0.19575284315256,0.0437711750785352,0.0138275077085063,0,0.0575986827870415,0.83539429935118,0.0983624211392115,0.933756720490391
01/08/2022 02:38,0.198550727237505,0.0444499364961831,0.0140822464537251,0,0.0585321829499082,0.850669515934018,0.0986367459416158,0.949306261875634
01/08/2022 02:39,0.201406730225495,0.0451439953482118,0.0143435639172793,0,0.0594875592654911,0.866176337271903,0.0989169922608621,0.965093329532765
01/08/2022 02:40,0.20432275138244,0.0458538744691766,0.0146116997239255,0,0.0604655741931021,0.8819184698796,0.0992032586338894,0.981121728513489
01/08/2022 02:41,0.207300785070826,0.0465801230239232,0.0148869056596651,0,0.0614670286835884,0.897899706418099,0.0994956454309454,0.997395351849045
01/08/2022 02:42,0.210342927441111,0.0473233183402016,0.0151694465058662,0,0.0624927648460678,0.91412392869981,0.0997942549037313,1.01391818360354
01/08/2022 02:43,0.21345138373584,0.048084067906981,0.0154596009475003,0,0.0635436688544813,0.930595110846722,0.100099191235332,1.03069430208205
01/08/2022 02:44,0.216628476276227,0.0488630115571248,0.0157576625637108,0,0.0646206741208356,0.947317322612294,0.100410560592029,1.04772788320432
01/08/2022 02:45,0.219876653209841,0.0496608238554629,0.0160639409099785,0,0.0657247647654414,0.96429473287873,0.100728471177082,1.06502320405581
01/08/2022 02:46,0.22319849810936,0.0504782167162887,0.0163787627024436,0,0.0668569794187323,0.981531613342453,0.101053033286607,1.08258464662906
01/08/2022 02:47,0.226596740524599,0.0513159422775725,0.0167024731163707,0,0.0680184153939432,0.999032342401773,0.101384359367647,1.10041670176942
01/08/2022 02:48,0.230074267605371,0.0521747960632284,0.0170354372124874,0,0.0692102332757159,1.01680140926208,0.101722564078555,1.11852397334063
01/08/2022 02:49,0.2336341369293,0.0530556204691801,0.0173780415068578,0,0.070433661976038,1.03484341827546,0.102067764351845,1.1369111826273
01/08/2022 02:50,0.237279590689599,0.0539593086144775,0.0177306957023181,0,0.0716900043167955,1.05316309353327,0.102420079459622,1.15558317299289
01/08/2022 02:51,0.241014071421176,0.0548868086049009,0.0180938346021942,0,0.0729806432070951,1.07176528373225,0.102779631081768,1.17454491481402
01/08/2022 02:52,0.244841239471796,0.055839128263975,0.0184679202302462,0,0.0743070484942212,1.09065496733664,0.103146543377035,1.19380151071368
01/08/2022 02:53,0.248764992458174,0.0568173403950612,0.018853444184566,0,0.0756707845796271,1.10983725806167,0.10352094305723,1.2133582011189
01/08/2022 02:54,0.252789486986536,0.0578225886486598,0.0192509302576625,0,0.0770735189063222,1.12931741070605,0.10390295946469,1.23322037017074
01/08/2022 02:55,0.256919162964394,0.0588560940814824,0.0196609373603235,0,0.0785170314418059,1.14910082736467,0.104292724653243,1.25339355201791
01/08/2022 02:56,0.26115877088688,0.059919162508765,0.0200840627932558,0,0.0800032253020208,1.16919306405606,0.10469037347291,1.27388343752897
01/08/2022 02:57,0.265513402549146,0.0610131927692093,0.0205209459182013,0,0.0815341386874106,1.18959983780345,0.10509604365857,1.29469588146202
01/08/2022 02:58,0.269988525718812,0.0621396860436186,0.0209722722895299,0,0.0831119583331486,1.21032703421286,0.105509875922882,1.31583691013574
01/08/2022 02:59,0.274590023402112,0.0633002563944805,0.0214387783185339,0,0.0847390347130143,1.23138071559729,0.105932014053765,1.33731272965106
01/08/2022 03:00,0.279324238460095,0.0644966427259148,0.0219212565564093,0,0.0864178992823241,1.25276712970217,0.106362605016751,1.35912973471892
01/08/2022 03:01,0.284198024480464,0.0657307224025591,0.0224205616986568,0,0.0881512841012159,1.27449271909481,0.106801799062584,1.38129451815739
01/08/2022 03:02,0.289218803995695,0.0670045268144205,0.0229376174343159,0,0.0899421442487364,1.29656413128892,0.107249749840474,1.4038138811294
01/08/2022 03:03,0.294394635367276,0.0683202592347153,0.0234734242890326,0,0.0917936835237479,1.3189882296854,0.107706614517437,1.42669484420284
01/08/2022 03:04,0.2997342899417,0.0696803153924698,0.0240290686427977,0,0.0937093840352675,1.34177210542229,0.10817255390422,1.44994465932651
01/08/2022 03:05,0.305247341443689,0.0710873072756603,0.0246057331431702,0,0.0956930404188305,1.36492309024062,0.108647732588363,1.47357082282898
01/08/2022 03:06,0.310944270025466,0.0725440907990674,0.0252047087851143,0,0.0977487995841817,1.38844877048958,0.109132319075015,1.49758108956459
01/08/2022 03:07,0.316836583970563,0.0740537981222028,0.0258274089927033,0,0.0998812071149061,1.41235700241367,0.109626485936183,1.52198348834985
01/08/2022 03:08,0.322936962792234,0.0756198755959955,0.0264753861198802,0,0.102095261715876,1.43665592888855,0.110130409969205,1.54678633885776
01/08/2022 03:09,0.329259426427356,0.0772461285671476,0.0271503508933574,0,0.104396479460505,1.4613539978004,0.110644272365314,1.57199827016572
01/08/2022 03:10,0.335819536480436,0.078936774595316,0.0278541954586233,0,0.106790970053939,1.48645998229827,0.111168258889294,1.59762824118756
01/08/2022 03:11,0.342634637122259,0.080696507067294,0.0285890208711339,0,0.109285527938428,1.51198300319122,0.111702560071369,1.62368556326258
01/08/2022 03:12,0.349724145444448,0.082530571763027,0.0293571701153284,0,0.111887741878355,1.53793255381393,0.112247371412616,1.65017992522655
01/08/2022 03:13,0.357109904021911,0.0844448596942571,0.0301612680566149,0,0.114606127750872,1.56431852774907,0.112802893605423,1.6771214213545
01/08/2022 03:14,0.36481661244968,0.0864460205777585,0.0310042701692515,0,0.11745029074701,1.59115124987543,0.113369332770709,1.70452058264614
01/08/2022 03:15,0.372872360146278,0.0885416027370496,0.0318895224843578,0,0.120431125221407,1.6184415113128,0.113946900713954,1.73238841202676
01/08/2022 03:16,0.381309290426497,0.0907402272229128,0.032820836039557,0,0.12356106326247,1.64620060896461,0.114535815202413,1.76073642416702
01/08/2022 03:17,0.390164436763765,0.0930518067673733,0.0338025802946248,0,0.126854387061998,1.67444039052647,0.11513630026633,1.7895766907928
01/08/2022 03:18,0.399480787868239,0.0954878242454425,0.034839801675523,0,0.130327625920965,1.70317330604733,0.115748586527513,1.81892189257484
01/08/2022 03:19,0.409308661200185,0.0980616912571992,0.0359383758896053,0,0.134000067146804,1.73241246741737,0.116372911559294,1.84878537897667
01/08/2022 03:20,0.41970749885569,0.10078921629794,0.037105206348579,0,0.137894422646519,1.76217171754202,0.117009520282799,1.87918123782482
01/08/2022 03:21,0.430748252085401,0.10368922547389,0.0383484866551784,0,0.142037712129069,1.79246571148437,0.117658665405504,1.91012437688988
01/08/2022 03:22,0.442516602404297,0.1067843997653,0.0396780538637967,0,0.146462453629096,1.82331001258055,0.118320607909574,1.94163062049012
01/08/2022 03:23,0.455117398259045,0.110102426555593,0.0411058732318132,0,0.151208299787406,1.8547212075493,0.118995617599351,1.97371682514865
01/08/2022 03:24,0.468680902731904,0.11367761881835,0.0426467182733363,0,0.156324337091687,1.8867170460788,0.119683973719987,2.00640101979879
01/08/2022 03:25,0.483371818079565,0.117553250491417,0.044319149337131,0,0.161872399828548,1.91931661252587,0.120385965662806,2.03970257818867
01/08/2022 03:26,0.499402711837419,0.121785025698674,0.0461469638910374,0,0.167931989589712,1.95254054062033,0.121101893778002,2.07364243439833
01/08/2022 03:27,0.517054696929915,0.126446414314153,0.0481614217348909,0,0.174607836049044,1.98641128715611,0.121832070322628,2.10824335747874
01/08/2022 03:28,0.536710633498814,0.131637205160609,0.0504048035728169,0,0.182042008733426,2.02095348889958,0.122576820582743,2.14353030948232
01/08/2022 03:29,0.558911192558995,0.137497926463856,0.0529363960279306,0,0.190434322491787,2.05619444091961,0.123336484225508,2.17953092514512
01/08/2022 03:30,0.58445566444766,0.144235734827742,0.0558432097731273,0,0.200078944600869,2.0921647595042,0.124111416964471,2.21627617646867
01/08/2022 03:31,0.614598465803045,0.152174800308711,0.0592607859131351,0,0.211435586221846,2.12889934043989,0.124901992668289,2.25380133310817
01/08/2022 03:32,0.651475953375016,0.161865563029575,0.0634181941702175,0,0.225283757199793,2.16643882216419,0.125708606129454,2.29214742829364
01/08/2022 03:33,0.699188027180263,0.174361128244253,0.0687515530597398,0,0.243112681303993,2.20483199207513,0.126531676883921,2.33136366895905
01/08/2022 03:34,0.767296256582583,0.192109528135147,0.0762693974988837,0,0.26837892563403,2.24414019421386,0.127371654874303,2.37151184908816
01/08/2022 03:35,0.889232109116698,0.223638750513772,0.0894642563040225,0,0.313103006817794,2.28444694322559,0.12822902989102,2.41267597311661
01/08/2022 03:36,1.23646683716755,0.312751185522679,0.126316083401466,0,0.439067268924145,2.32588802901751,0.129104351662808,2.45499238068032
01/08/2022 03:37,0.85558654098724,0.217626551716691,0.0887113231900701,0,0.306337874906761,2.36879506275088,0.129998296477402,2.49879335922828
01/08/2022 03:38,0.714891054265792,0.182601419784465,0.0749422340467266,0,0.257543653831191,2.41315370128473,0.130911628661059,2.54406532994578
01/08/2022 03:39,0.641932549597044,0.164557180888867,0.0679292591761115,0,0.232486440064978,2.45860947919573,0.131845018829879,2.59045449802561
01/08/2022 03:40,0.591754172820103,0.152189676864749,0.063151866073995,0,0.215341542938744,2.50501806904608,0.13279900805182,2.6378170770979
01/08/2022 03:41,0.553244989989565,0.142715727402203,0.0595042147547621,0,0.202219942156965,2.55229691216333,0.13377407881744,2.68607099098077
01/08/2022 03:42,0.521872692002248,0.135003748467641,0.0565392091939079,0,0.191542957661549,2.60038676914171,0.134770677202755,2.73515744634447
01/08/2022 03:43,0.49533538182871,0.12848080441863,0.0540316884002837,0,0.182512492818914,2.64924104829463,0.135789222160594,2.78503027045522
01/08/2022 03:44,0.472301573270549,0.122816483536379,0.0518524778168374,0,0.174668961353217,2.69882116407146,0.136830110821472,2.83565127489293
01/08/2022 03:45,0.451930701251946,0.117802803368186,0.049920680841164,0,0.16772348420935,2.74909407958355,0.137893721953019,2.88698780153657
01/08/2022 03:46,0.433657467247208,0.113300285840189,0.048182316847991,0,0.16148260268818,2.8000308433467,0.138980418406806,2.9390112617535
01/08/2022 03:47,0.417082989474196,0.109210782788328,0.0465995858247701,0,0.155810368613098,2.85160564581813,0.140090548946131,2.99169619476426
01/08/2022 03:48,0.401914975808545,0.10546256366348,0.0451449932556429,0,0.150607556919123,2.90379517474575,0.141224449666996,3.04501962441274
01/08/2022 03:49,0.387932603239477,0.102001575199646,0.0437979159431026,0,0.145799491142749,2.95657815470836,0.142382445137062,3.09896059984542
01/08/2022 03:50,0.374964788318223,0.0987860420556785,0.0425424862641861,0,0.141328528319865,3.00993500646255,0.143564849330958,3.15349985579351
01/08/2022 03:51,0.362876151941542,0.0957829847372967,0.0413662313959069,0,0.137149216133204,3.06384758762579,0.144771966413622,3.20861955403941
01/08/2022 03:52,0.351557622669155,0.0929658919110702,0.040259166125398,0,0.133225058036468,3.11829899054374,0.146004091407162,3.2643030819509
01/08/2022 03:53,0.340919951192674,0.0903131163177045,0.0392131693645875,0,0.129526285682292,3.17327338155037,0.147261510766436,3.32053489231681
01/08/2022 03:54,0.330889115494017,0.0878067400563545,0.0382215442965671,0,0.126028284352922,3.22875587093953,0.148544502881727,3.37730037382125
01/08/2022 03:55,0.32140299072568,0.0854317534538957,0.0372787009410338,0,0.122710454394929,3.28473240621081,0.149853338522214,3.43458574473303
01/08/2022 03:56,0.312408887133167,0.0831754488984062,0.0363799224574472,0,0.119555371355853,3.34118498078882,0.151188281230712,3.49237326201953
01/08/2022 03:57,0.303861697390367,0.0810269654037576,0.0355211900373132,0,0.116548155441071,3.39806516869113,0.152549587677763,3.5506147563689
01/08/2022 03:58,0.295722480444738,0.0789769410071824,0.0346990496201827,0,0.113675990627365,3.45535313416441,0.153937507981469,3.60929064214588
01/08/2022 03:59,0.287957363676639,0.077017243704947,0.0339105090049162,0,0.110927752709863,3.51303694000855,0.155352285998161,3.66838922600672
01/08/2022 04:00,0.280536680947534,0.0751407605178547,0.0331529574088828,0,0.108293717926738,3.57110515247172,0.156794159588,3.72789931205972
01/08/2022 04:01,0.273434288016666,0.0733412302119198,0.0324241018485724,0,0.105765332060492,3.62954680018048,0.158263360858891,3.78781016103937
01/08/2022 04:02,0.266627013096716,0.0716131092396685,0.0317219162928653,0,0.103335025532534,3.68835133811471,0.159760116391474,3.84811145450619
01/08/2022 04:03,0.26009421162167,0.0699514632681365,0.0310446006322457,0,0.100996063900382,3.74750861581225,0.161284647447491,3.90879326325974
01/08/2022 04:04,0.253817402270194,0.0683518786327567,0.0303905472754421,0,0.0987424259081988,3.80700884914743,0.162837170163485,3.96984601931092
01/08/2022 04:05,0.247779966990315,0.0668103894668066,0.029758313733257,0,0.0965687032000636,3.86684259515126,0.164417895731457,4.03126049088272
01/08/2022 04:06,0.241966901910452,0.0653234172790619,0.0291465999464097,0,0.0944700172254716,3.92700072943699,0.166027030567874,4.09302776000487
01/08/2022 04:07,0.236364609060786,0.0638877205026416,0.028554229404984,0,0.0924419499076256,3.9874744258715,0.167664776472237,4.15513920234373
01/08/2022 04:08,0.230960721088735,0.0625003520955252,0.027980133322781,0,0.0904804854183061,4.04825513819291,0.169331330776231,4.21758646896914
01/08/2022 04:09,0.225743952850188,0.0611586236917368,0.0274233372915714,0,0.0885819609833081,4.10933451329833,0.171026886484356,4.28036139978269
01/08/2022 04:10,0.220703975045673,0.0598600751192504,0.0268829499625219,0,0.0867430250817723,4.17070383670592,0.172751632406815,4.34345546911274
01/08/2022 04:11,0.215831306058064,0.0586024483436442,0.0263581533956589,0,0.0849606017393031,4.23235407678821,0.174505753285346,4.40685983007356
01/08/2022 04:12,0.211117218910722,0.0573836650839318,0.0258481947902868,0,0.0832318598742187,4.29427740155192,0.176289429912597,4.47056683146452
01/08/2022 04:13,0.206553660858859,0.0562018074928637,0.0253523793652708,0,0.0815541868581345,4.35646641663181,0.178102839245579,4.53456925587739
01/08/2022 04:14,0.202133183593652,0.0550551014085452,0.0248700642020152,0,0.0799251656105604,4.4189139261687,0.179946154513659,4.59886008068236
01/08/2022 04:15,0.197848882407271,0.0539419017745964,0.0244006528975468,0,0.0783425546721432,4.48161292281183,0.181819545321528,4.66343246813336
01/08/2022 04:16,0.193694342960548,0.052860679897998,0.023943590902596,0,0.076804270800594,4.54455657845112,0.183723177747499,4.72827975619862
01/08/2022 04:17,0.189663594530785,0.0518100122714836,0.0234983614415894,0,0.0753083737130731,4.60773823560555,0.185657214437492,4.79339545004304
01/08/2022 04:18,0.185751068806347,0.0507885707335788,0.0230644819290736,0,0.0738530526626524,4.67115139940363,0.187621814694995,4.85877321409862
01/08/2022 04:19,0.181951563449047,0.0497951137771211,0.0226415008114445,0,0.0724366145885657,4.73478973009928,0.18961713456728,4.92440686466656
01/08/2022 04:20,0.178260209770421,0.0488284788476184,0.0222289947744413,0,0.0710574736220597,4.79864703607344,0.191643326928116,4.99029036300155
01/08/2022 04:21,0.174672443971133,0.0478875754979715,0.0218265662664076,0,0.069714141764379,4.86271726727736,0.193700541557216,5.05641780883457
01/08/2022 04:22,0.171183981476979,0.0469713792866001,0.0214338412950795,0,0.0684052205816796,4.92699450907846,0.195788925216602,5.12278343429506
01/08/2022 04:23,0.167790793975811,0.0460789263232832,0.0210504674622009,0,0.0671293937854841,4.99147297647411,0.197908621724097,5.1893815981982
01/08/2022 04:24,0.164489088816794,0.0452093083808804,0.0206761122054665,0,0.0658854205863469,5.05614700864213,0.200059772024097,5.25620678066623
01/08/2022 04:25,0.161275290483346,0.0443616685032806,0.0203104612219123,0,0.0646721297251929,5.1210110638005,0.202242514255786,5.32325357805628
01/08/2022 04:26,0.158146023890851,0.0435351970495339,0.0199532170504605,0,0.0634884140999944,5.18605971435111,0.204456983818939,5.39051669817005
01/08/2022 04:27,0.15509809929511,0.0427291281226161,0.0196040977945283,0,0.0623332259171444,5.25128764228541,0.206703313437446,5.45799095572285
01/08/2022 04:28,0.152128498626212,0.0419427363382159,0.0192628359682062,0,0.0612055723064221,5.31668963483149,0.208981633220666,5.52567126805216
01/08/2022 04:29,0.149234363087189,0.0411753338949247,0.0189291774517535,0,0.0601045113466783,5.38226058032465,0.211292070722747,5.5935526510474
01/08/2022 04:30,0.146412981877724,0.0404262679122652,0.0186028805440507,0,0.0590291484563159,5.4479954642846,0.213634750999994,5.6616302152846
01/08/2022 04:31,0.143661781920748,0.0396949180072336,0.0182837151012186,0,0.0579786331084522,5.51388936568458,0.216009796666393,5.72989916235097
01/08/2022 04:32,0.140978318485722,0.0389806940839104,0.0179714617520811,0,0.0569521558359915,5.57993745339854,0.218417327947381,5.79835478134592
01/08/2022 04:33,0.138360266614328,0.0382830343135344,0.0176659111821702,0,0.0559489454957046,5.64613498281405,0.220857462731943,5.86699244554599
01/08/2022 04:34,0.135805413267065,0.0376014032855605,0.0173668634791711,0,0.0549682667647317,5.71247729259958,0.223330316623108,5.93580760922269
01/08/2022 04:35,0.133311650117662,0.0369352903122104,0.0170741275334095,0,0.0540094178456199,5.77895980161566,0.225836002986936,6.00479580460259
01/08/2022 04:36,0.130876966931439,0.0362842078712662,0.0167875204878281,0,0.0530717283590943,5.84557800596055,0.228374633000036,6.07395263896058
01/08/2022 04:37,0.128499445470972,0.0356476901735955,0.0165068672325436,0,0.0521545574061391,5.91232747614153,0.230946315695711,6.14327379183724
01/08/2022 04:38,0.126177253878552,0.0350252918433561,0.0162319999396017,0,0.0512572917829578,5.97920385436391,0.233551158008754,6.21275501237266
01/08/2022 04:39,0.123908641490729,0.0344165867002358,0.0159627576340766,0,0.0503793443343124,6.04620285193015,0.23618926481899,6.28239211674914
01/08/2022 04:40,0.121691934045025,0.0338211666342262,0.0156989857980762,0,0.0495201524323024,6.11332024674257,0.238860738993579,6.35218098573615
01/08/2022 04:41,0.119525529243262,0.0332386405644786,0.0154405360046031,0,0.0486791765690817,6.18055188090296,0.24156568142816,6.42211756233112
01/08/2022 04:42,0.117407892639477,0.0326686334746261,0.015187265578521,0,0.0478558990531471,6.24789365840353,0.244304191086864,6.4921978494904
01/08/2022 04:43,0.115337553824141,0.0321107855178723,0.0149390372822235,0,0.0470498228000958,6.31534154290371,0.247076365041248,6.56241790794496
01/08/2022 04:44,0.113313102878472,0.0315647511856046,0.0146957190237458,0,0.0462604702093505,6.38289155558768,0.249882298508191,6.63277385409587
01/08/2022 04:45,0.111333187076688,0.0310301985343191,0.0144571835854768,0,0.0454873821197959,6.45053977309806,0.252722084886791,6.70326185798485
01/08/2022 04:46,0.109396507814473,0.0305068084656752,0.0142233083715862,0,0.0447301168372614,6.51828232554134,0.255595815794294,6.77387814133563
01/08/2022 04:47,0.10750181774543,0.0299942740553906,0.0139939751726503,0,0.0439882492280409,6.58611539456114,0.258503581101109,6.84461897566225
01/08/2022 04:48,0.105647918108644,0.0294922999269857,0.0137690699460532,0,0.0432613698730389,6.65403521147523,0.261445468964913,6.91548068044014
01/08/2022 04:49,0.103833656231615,0.0290006016666439,0.0135484826108195,0,0.0425490842774634,6.72203805547309,0.26442156586391,6.986459621337
01/08/2022 04:50,0.102057923195019,0.0285189052760119,0.0133321068557619,0,0.0418510121317738,6.79012025187052,0.267431956629251,7.05755220849978
01/08/2022 04:51,0.100319651646593,0.0280469466599302,0.0131198399598683,0,0.0411667866197985,6.8582781704182,0.270476724476649,7.12875489489485
01/08/2022 04:52,0.0986178137523979,0.0275844711463237,0.0129115826239405,0,0.0404960537702642,6.92650822366139,0.273555951037229,7.20006417469862
01/08/2022 04:53,0.0969514192755838,0.0271312330359452,0.0127072388126832,0,0.0398384718486284,6.99480686534793,0.276669716387619,7.27147658173555
01/08/2022 04:54,0.0953195137724663,0.0266869951795449,0.0125067156063635,0,0.0391937107859084,7.06317058888205,0.27981809907932,7.34298868796137
01/08/2022 04:55,0.0937211768977662,0.0262515285805765,0.0123099230613914,0,0.0385614516419678,7.13159592582161,0.283001176167381,7.41459710198899
01/08/2022 04:56,0.0921555208107847,0.0258246120214898,0.0121167740791244,0,0.0379413861006142,7.20007944441619,0.286219023238386,7.48629846765457
01/08/2022 04:57,0.0906216886752915,0.0254060317119181,0.011927184282301,0,0.0373332159942191,7.26861774818443,0.289471714437794,7.55808946262222
01/08/2022 04:58,0.0891188532465392,0.024995580957216,0.011741071898562,0,0.036736652855778,7.33720747452803,0.292759322496639,7.62996679702467
01/08/2022 04:59,0.0876462155393298,0.0245930598459249,0.011558357650562,0,0.0361514174964869,7.40584529338083,0.296081918757616,7.70192721213845
01/08/2022 05:00,0.0862030035712706,0.0241982749547807,0.0113789646521741,0,0.0355772396069549,7.47452790589096,0.299439573200568,7.77396747909153
01/08/2022 05:01,0.0847884711764593,0.0238110390701646,0.0112028183104188,0,0.0350138573805835,7.54325204313455,0.302832354467397,7.84608439760194
01/08/2022 05:02,0.0834018968845314,0.0234311709247978,0.0110298462326829,0,0.0344610171574807,7.61201446485905,0.306260329886409,7.91827479474546
01/08/2022 05:03,0.0820425828609146,0.023058494948716,0.0108599781389015,0,0.0339184730876175,7.68081195825491,0.309723565496125,7.99053552375104
01/08/2022 05:04,0.0807098539040325,0.0226928410335179,0.0106931457783421,0,0.03338598681186,7.74964133675397,0.313222126068549,8.06286346282251
01/08/2022 05:05,0.0794030564961119,0.0223340443091229,0.0105292828507372,0,0.0328633271598601,7.81849943885303,0.316756075131932,8.13525551398497
01/08/2022 05:06,0.0781215579037351,0.0219819449321158,0.0103683249314301,0,0.0323502698635459,7.88738312696165,0.32032547499304,8.20770860195469
01/08/2022 05:07,0.07686474532521,0.0216363878850081,0.0102102094003079,0,0.031846597285316,7.95628928627236,0.323930386758926,8.28021967303129
01/08/2022 05:08,0.0756320250818661,0.0212972227857418,0.0100548753742895,0,0.0313520981600313,8.02521482365253,0.327570870358242,8.35278569401077
01/08/2022 05:09,0.0744228218503977,0.0209643037067571,0.0099022636431284,0,0.0308665673498855,8.09415666655632,0.331246984562092,8.42540365111841
01/08/2022 05:10,0.0732365779336632,0.0206374890030169,0.0097523166083152,0,0.0303898056113322,8.1631117619559,0.334958787004434,8.49807054896034
01/08/2022 05:11,0.0720727525679905,0.0203166411485529,0.0096049782249442,0,0.0299216193734971,8.23207707529067,0.338706334202058,8.57078340949273
01/08/2022 05:12,0.0709308212643407,0.0200016265808916,0.009460193946305,0,0.0294618205271967,8.30104958943335,0.342489681574131,8.64353927100748
01/08/2022 05:13,0.0698102751815455,0.0196923155529595,0.0093179106710683,0,0.0290102262240279,8.37002630367228,0.34630888346135,8.71633518713363
01/08/2022 05:14,0.0687106205297567,0.0193885819920311,0.0091780766929165,0,0.0285666586849476,8.43900423270843,0.350163993144676,8.78916822585311
01/08/2022 05:15,0.0676313780022824,0.0190903033652954,0.0090406416524682,0,0.0281309450177637,8.50797745710213,0.354055058987925,8.86203251609005
01/08/2022 05:16,0.0665720822341243,0.0187973605516427,0.0089055564913602,0,0.0277029170430029,8.5769390542216,0.357982119245727,8.93492117346733
01/08/2022 05:17,0.0655322812859112,0.0185096377193815,0.0087727734083907,0,0.0272824111277723,8.6458859861336,0.361945205838541,9.00783119197214
01/08/2022 05:18,0.0645115361514641,0.0182270222094567,0.0086422458175673,0,0.0268692680270241,8.71481524507781,0.365944349485745,9.08075959456356
01/08/2022 05:19,0.0635094202879927,0.0179494044239535,0.0085139283079945,0,0.026463332731948,8.78372383295189,0.369979579745892,9.15370341269778
01/08/2022 05:20,0.0625255191675507,0.0176766777195616,0.0083877766054853,0,0.026064454325047,8.85260876036568,0.37405092503088,9.22665968539656
01/08/2022 05:21,0.061559429848451,0.0174087383056905,0.008263747535785,0,0.0256724858414756,8.92146704570422,0.378158412619741,9.29962545832396
01/08/2022 05:22,0.0606107605658508,0.0171454851470679,0.0081417989893598,0,0.0252872841364278,8.99029571419876,0.382302068672077,9.37259778287084
01/08/2022 05:23,0.0596791303402213,0.0168868198705086,0.0080218898876333,0,0.024908709758142,9.0590917970048,0.386481918241142,9.44557371524594
01/08/2022 05:24,0.0587641686028775,0.0166326466756694,0.0079039801506124,0,0.0245366268262818,9.1278523302867,0.39069798528657,9.51855031557327
01/08/2022 05:25,0.0578655148376654,0.0163828722495798,0.0077880306658288,0,0.0241709029154086,9.19657435430796,0.394950292686773,9.59152464699474
01/08/2022 05:26,0.0569828182378913,0.0161374056847323,0.007674003258521,0,0.0238114089432534,9.26525491252645,0.399238862251,9.66449377477745
01/08/2022 05:27,0.0561157373778869,0.015896158400601,0.0075618606630161,0,0.0234580190636171,9.33389105069392,0.403563714731067,9.73745476542499
01/08/2022 05:28,0.0552639398981611,0.0156590440683284,0.007451566495212,0,0.0231106105635405,9.40247981595911,0.407924869705961,9.81040468566507
01/08/2022 05:29,0.0544271022038387,0.0154259785385322,0.0073430852261587,0,0.0227690637646909,9.47101825597366,0.412322345157537,9.8833406011312
01/08/2022 05:30,0.0536049091752702,0.0151968797719491,0.0072363821566218,0,0.022433261928571,9.53950341800035,0.416756157248006,9.95625957524835
01/08/2022 05:31,0.0527970538907567,0.0149716677729312,0.0071314233926579,0,0.0221030911655892,9.60793234802255,0.421226320754376,10.0291586687769
01/08/2022 05:32,0.0520032373601396,0.0147502645254704,0.0070281758220625,0,0.0217784403475329,9.67630208985487,0.425732849428915,10.1020349392838
01/08/2022 05:33,0.0512231682694022,0.0145325939318212,0.0069266070917417,0,0.0214592010235629,9.74460968425361,0.430275756010554,10.1748854402642
01/08/2022 05:34,0.0504565627351923,0.0143185817534386,0.0068266855858894,0,0.021145267339328,9.81285216802685,0.434855052234217,10.2477072202611
01/08/2022 05:35,0.0497031440690847,0.0141081555542048,0.0067283804049714,0,0.0208365359591763,9.8810265731433,0.439470748839887,10.3204973219832
01/08/2022 05:36,0.0489626425511744,0.0139012446458529,0.0066316613454871,0,0.0205329059913401,9.94912992583913,0.444122855581364,10.3932527814205
01/08/2022 05:37,0.0482347952122524,0.013697780035397,0.0065364988804314,0,0.0202342789158284,10.0171592457224,0.448811381234761,10.4659706269572
01/08/2022 05:38,0.0475193456244867,0.0134976943745682,0.0064428641404697,0,0.0199405585150379,10.0851115448741,0.453536333606719,10.5386478784808
01/08/2022 05:39,0.0468160437000407,0.0133009219111153,0.0063507288957699,0,0.0196516508068853,10.1529838269451,0.458297719542343,10.6112815464874
01/08/2022 05:40,0.0461246454973505,0.0131073984419108,0.0062600655384747,0,0.0193674639803855,10.2207730862488,0.46309554493288,10.6838686311816
01/08/2022 05:41,0.045444913034558,0.0129170612677356,0.0061708470657639,0,0.0190879083334996,10.288476306848,0.467929814723128,10.7564061215711
01/08/2022 05:42,0.0447766141100558,0.0127298491497487,0.0060830470635218,0,0.0188128962132706,10.356090461636,0.472800532918581,10.8288909945546
01/08/2022 05:43,0.0441195221295061,0.0125457022674755,0.0059966396905368,0,0.0185423419580124,10.4236125114105,0.477707702592324,10.9013202140028
01/08/2022 05:44,0.0434734159393102,0.012364562178324,0.0059115996632496,0,0.0182761618415737,10.4910394039404,0.482651325891662,10.9736907298321
01/08/2022 05:45,0.0428380796660477,0.0121863717785065,0.0058279022409989,0,0.0180142740195054,10.558368073024,0.487631404044508,11.0459994770685
01/08/2022 05:46,0.0422133025617626,0.0120110752653452,0.0057455232117615,0,0.0177565984771067,10.6255954375377,0.492647937365514,11.1182433749032
01/08/2022 05:47,0.0415988788548205,0.0118386181008972,0.0056644388783661,0,0.0175030569792633,10.692718400476,0.497700925261962,11.1904193257379
01/08/2022 05:48,0.0409946076059455,0.0116689469767992,0.0055846260451382,0,0.0172535730219375,10.7597338479794,0.502790366239406,11.2625242142188
01/08/2022 05:49,0.0404002925694869,0.0115020097803574,0.0055060620049971,0,0.0170080717853545,10.8266386483518,0.507916257907074,11.3345549062589
01/08/2022 05:50,0.03981574205946,0.0113377555617658,0.0054287245269537,0,0.0167664800887195,10.8934296510653,0.513078596983036,11.4065082480483
01/08/2022 05:51,0.0392407688202425,0.0111761345024279,0.005352591844006,0,0.016528726346434,10.9601036857509,0.518277379299124,11.4783810650501
01/08/2022 05:52,0.038675189901781,0.0110170978843516,0.0052776426414218,0,0.0162947405257735,11.0266575611769,0.523512599805631,11.5501701609825
01/08/2022 05:53,0.0381188265390335,0.0108605980605481,0.0052038560453818,0,0.0160644541059299,11.09308806421,0.528784252575767,11.6218723167858
01/08/2022 05:54,0.0375715040355402,0.0107065884264139,0.0051312116119786,0,0.0158378000383925,11.1593919587623,0.534092330809887,11.6934842895722
01/08/2022 05:55,0.0370330516509512,0.0105550233920551,0.0050596893165578,0,0.0156147127086129,11.2255659847202,0.53943682683949,11.7650028115597
01/08/2022 05:56,0.0365033024922283,0.0104058583554823,0.0049892695433702,0,0.0153951278988525,11.2916068568552,0.544817732130991,11.8364245889862
01/08/2022 05:57,0.0359820934086557,0.0102590496767214,0.004919933075563,0,0.0151789827522845,11.3575112637165,0.550235037289263,11.9077463010058
01/08/2022 05:58,0.0354692648901178,0.0101145546526948,0.0048516610854439,0,0.0149662157381387,11.4232758665025,0.555688732060961,11.9789645985635
01/08/2022 05:59,0.0349646609689032,0.0099723314929515,0.0047844351250601,0,0.0147567666180117,11.488897297911,0.561178805337613,12.0500761032486
01/08/2022 06:00,0.0344681291245905,0.0098323392961302,0.0047182371170409,0,0.0145505764131712,11.5543721609675,0.566705245158496,12.121077406126
